Time_hr,Choke_pct,OilRate_bbl_hr,WHP_psi,FLP_psi,BHP_psi
0,0,0.25,299.93,120.19,3101.52
1,0,0.0,299.88,120.47,3100.77
2,0,0.0,300.27,119.86,3099.53
3,0,0.12,299.04,119.48,3099.44
4,0,0.0,300.16,119.73,3098.59
5,0,0.73,299.89,120.02,3098.58
6,0,0.0,300.06,119.65,3100.38
7,0,0.0,299.85,119.82,3101.85
8,0,0.0,299.47,120.25,3098.78
9,0,0.1,299.02,119.6,3100.2
10,20,25.55,287.49,130.04,3061.93
11,20,39.55,279.49,135.98,3040.62
12,20,49.53,274.44,139.84,3025.58
13,20,54.46,272.91,142.23,3018.74
14,20,57.64,270.82,143.32,3013.89
15,20,59.78,269.9,143.68,3008.78
16,20,61.6,270.08,144.46,3009.21
17,20,62.08,268.73,144.87,3008.69
18,20,62.3,269.62,144.14,3007.34
19,20,62.62,268.56,145.06,3004.15
20,20,62.62,268.82,145.53,3005.39
21,20,62.41,268.34,145.4,3006.1
22,20,62.61,268.82,145.18,3006.66
23,20,62.55,268.38,145.04,3004.18
24,20,63.07,268.67,145.17,3005.38
25,20,62.23,268.32,145.07,3004.79
26,20,62.86,268.73,145.74,3005.76
27,20,63.08,268.49,144.6,3005.55
28,20,62.98,269.76,145.12,3005.87
29,20,62.94,267.94,145.52,3006.32
30,40,78.62,260.43,151.71,2981.26
31,40,87.69,257.4,154.66,2968.35
32,40,92.94,253.3,156.69,2960.73
33,40,95.66,252.14,158.2,2957.26
34,40,97.78,250.75,159.51,2951.51
35,40,99.47,250.97,159.26,2951.15
36,40,100.2,250.36,159.66,2948.57
37,40,100.76,249.9,160.27,2949.6
38,40,100.41,249.74,160.39,2948.15
39,40,101.84,249.78,160.01,2949.29
40,40,100.51,249.89,160.75,2947.68
41,40,101.54,249.68,160.67,2950.31
42,40,100.97,249.08,160.17,2947.55
43,40,101.07,249.62,160.53,2949.16
44,40,101.13,250.17,160.37,2951.04
45,40,101.44,249.01,160.13,2948.79
46,40,101.02,249.79,160.6,2948.23
47,40,100.71,248.67,160.32,2949.15
48,40,101.24,248.81,160.51,2948.68
49,40,100.7,249.51,160.47,2947.15
50,60,110.58,245.08,164.49,2935.45
51,60,115.27,241.55,166.54,2926.57
52,60,119.55,242.28,167.89,2922.19
53,60,121.77,239.68,168.42,2918.81
54,60,122.11,238.63,168.85,2916.33
55,60,124.38,237.46,169.49,2913.56
56,60,123.41,238.72,169.48,2913.45
57,60,123.55,238.38,169.34,2914.35
58,60,124.09,237.64,170.27,2914.54
59,60,123.15,238.01,169.47,2914.61
60,60,123.82,237.84,169.84,2914.54
61,60,123.65,237.71,169.56,2912.97
62,60,125.15,238.07,169.33,2914.51
63,60,125.34,238.38,169.26,2913.09
64,60,124.92,237.5,169.85,2914.34
65,60,123.83,237.82,168.74,2912.54
66,60,124.17,237.23,170.21,2912.13
67,60,124.08,237.92,170.15,2912.12
68,60,124.88,237.86,169.42,2914.02
69,60,124.4,237.55,169.74,2913.17
70,80,129.97,235.37,172.44,2903.89
71,80,134.36,232.38,173.27,2900.65
72,80,135.45,232.03,174.06,2896.54
73,80,136.23,232.16,174.72,2894.52
74,80,137.7,231.53,175.15,2894.75
75,80,137.28,230.87,175.3,2894.07
76,80,137.94,231.08,175.56,2892.48
77,80,138.38,230.84,175.18,2893.93
78,80,138.62,231.3,175.67,2892.71
79,80,138.6,230.71,175.4,2892.48
80,80,138.34,231.15,175.07,2894.65
81,80,137.81,230.24,175.67,2893.32
82,80,138.64,231.15,175.33,2891.61
83,80,138.37,230.49,175.63,2892.35
84,80,137.93,230.67,175.46,2891.93
85,80,137.93,230.95,175.41,2891.98
86,80,138.11,230.94,174.9,2891.08
87,80,137.99,230.72,175.43,2893.96
88,80,138.77,230.75,175.33,2891.48
89,80,138.34,230.68,175.44,2891.65
90,100,142.01,229.89,176.67,2887.77
91,100,144.14,227.9,177.59,2884.31
92,100,145.07,227.1,178.02,2882.96
93,100,146.49,227.6,178.95,2880.59
94,100,146.64,226.99,179.14,2879.89
95,100,146.05,226.47,177.95,2879.77
96,100,146.25,226.76,178.75,2881.93
97,100,147.2,226.35,178.42,2880.41
98,100,146.12,227.53,179.07,2879.36
99,100,145.96,227.27,178.69,2881.02
100,100,146.04,226.28,178.74,2879.79
101,100,146.62,226.89,178.42,2879.59
102,100,146.92,226.83,178.96,2878.59
103,100,146.09,227.21,178.84,2878.96
104,100,147.64,226.63,179.1,2879.77
105,100,147.89,227.45,178.67,2880.68
106,100,147.19,227.25,178.46,2880.39
107,100,147.39,225.69,178.39,2877.66
108,100,146.73,226.93,179.2,2879.78
109,100,147.68,225.88,178.24,2879.65
110,75,142.5,228.83,176.3,2886.45
111,75,138.92,230.55,175.94,2889.71
112,75,137.67,230.51,175.15,2894.07
113,75,136.45,231.78,174.62,2893.8
114,75,136.3,231.31,174.37,2894.28
115,75,136.98,232.02,174.19,2896.22
116,75,135.73,232.0,174.5,2897.08
117,75,135.39,231.88,174.18,2894.22
118,75,134.82,232.89,174.72,2896.38
119,75,135.82,232.39,175.14,2897.82
120,75,135.44,231.77,173.72,2896.95
121,75,135.11,231.54,174.0,2895.69
122,75,136.32,232.7,174.19,2898.26
123,75,135.51,231.83,174.65,2897.33
124,75,134.95,232.17,173.92,2895.41
125,75,135.93,233.22,173.77,2897.36
126,75,135.14,232.02,174.01,2895.94
127,75,135.49,231.85,174.27,2896.75
128,75,135.34,231.81,174.01,2897.56
129,75,135.71,231.78,174.22,2897.56
130,50,126.11,236.8,170.58,2910.16
131,50,121.45,238.18,168.24,2917.3
132,50,118.89,240.17,167.7,2920.2
133,50,116.89,240.93,166.57,2924.67
134,50,115.39,241.9,166.63,2925.7
135,50,115.57,241.86,166.22,2928.71
136,50,113.52,242.22,166.08,2927.66
137,50,114.7,242.44,165.83,2928.07
138,50,114.96,242.94,165.85,2928.03
139,50,114.04,242.64,165.83,2928.15
140,50,114.38,243.92,165.96,2928.32
141,50,114.81,242.69,165.07,2927.68
142,50,113.25,242.73,165.68,2930.4
143,50,114.34,242.8,165.92,2926.52
144,50,114.29,243.3,165.22,2929.89
145,50,114.33,242.71,165.86,2931.02
146,50,114.25,243.04,165.53,2927.91
147,50,114.58,242.49,165.69,2928.28
148,50,114.4,243.09,165.98,2928.25
149,50,114.03,242.43,165.53,2929.14
150,25,98.62,250.42,159.56,2954.0
151,25,88.89,256.59,155.24,2965.73
152,25,82.07,259.27,153.38,2975.51
153,25,79.66,259.68,152.54,2980.85
154,25,77.51,261.64,151.13,2984.04
155,25,75.82,262.13,151.05,2987.02
156,25,76.27,262.01,149.89,2986.67
157,25,75.05,263.03,149.5,2988.99
158,25,74.68,262.41,149.6,2986.21
159,25,75.01,262.74,149.45,2986.81
160,25,74.33,263.58,149.72,2986.74
161,25,74.32,262.64,148.97,2988.28
162,25,74.29,263.14,150.32,2989.51
163,25,74.25,262.25,150.53,2988.48
164,25,74.38,262.8,149.81,2988.29
165,25,74.08,262.54,149.74,2987.9
166,25,74.01,262.87,149.67,2989.96
167,25,73.04,263.36,150.12,2986.38
168,25,74.19,262.63,149.32,2987.68
169,25,73.8,263.7,150.02,2989.73
170,0,44.98,277.13,137.69,3033.57
171,0,26.16,286.97,130.64,3059.47
172,0,16.42,292.19,126.32,3077.07
173,0,9.1,295.49,124.03,3085.23
174,0,5.95,296.48,122.59,3091.14
175,0,3.21,298.79,121.18,3093.39
176,0,1.3,299.26,120.45,3098.63
177,0,0.21,300.22,120.56,3098.03
178,0,0.48,299.82,120.29,3099.98
179,0,0.51,299.85,120.07,3099.27
180,0,0.42,299.01,119.7,3100.34
181,0,0.25,299.83,120.07,3100.1
182,0,0.0,299.56,120.1,3098.88
183,0,0.26,299.12,120.33,3100.39
184,0,0.16,300.47,120.51,3100.96
185,0,0.0,299.35,119.82,3099.99
186,0,0.27,299.63,120.06,3099.23
187,0,0.0,299.29,119.73,3098.64
188,0,0.0,300.52,119.72,3102.63
189,0,0.25,300.09,119.74,3100.7
190,10,13.87,292.98,126.43,3078.67
191,10,23.23,288.32,129.05,3067.79
192,10,27.43,287.03,131.31,3057.82
193,10,31.12,285.08,132.51,3052.22
194,10,32.28,283.56,133.03,3051.66
195,10,33.83,282.46,133.61,3050.0
196,10,34.68,283.34,134.01,3048.86
197,10,34.76,281.77,134.05,3048.01
198,10,35.17,281.84,133.69,3048.5
199,10,35.16,282.75,134.08,3047.26
200,10,35.73,282.11,134.13,3046.64
201,10,35.1,282.19,134.19,3046.55
202,10,35.97,281.88,134.08,3046.54
203,10,36.09,282.42,134.46,3045.47
204,10,35.51,282.76,134.17,3048.0
205,10,35.12,283.01,134.84,3046.56
206,10,35.16,283.03,134.63,3046.4
207,10,35.18,282.16,133.75,3046.0
208,10,34.89,281.92,134.15,3047.15
209,10,36.17,281.81,134.45,3046.7
210,30,54.98,272.84,141.66,3017.88
211,30,66.85,266.86,146.79,3002.3
212,30,73.51,262.82,149.35,2988.7
213,30,77.75,261.56,151.65,2982.33
214,30,80.19,259.93,152.08,2979.72
215,30,82.24,258.18,153.32,2978.6
216,30,82.74,258.28,153.31,2975.76
217,30,83.93,259.21,153.39,2973.8
218,30,83.24,257.67,153.56,2975.9
219,30,83.87,258.05,153.65,2975.0
220,30,85.51,257.61,153.55,2974.68
221,30,84.66,258.77,153.9,2973.17
222,30,84.65,258.38,153.99,2973.97
223,30,84.92,258.39,154.17,2974.07
224,30,84.31,257.87,154.12,2972.59
225,30,84.59,257.6,153.77,2974.67
226,30,84.51,257.82,153.36,2974.13
227,30,84.74,258.87,153.67,2973.59
228,30,84.54,258.58,153.74,2973.65
229,30,84.72,257.88,153.63,2973.56
230,90,108.44,245.53,163.2,2937.44
231,90,122.6,238.24,168.63,2917.38
232,90,131.24,234.74,172.01,2906.2
233,90,134.8,231.14,174.34,2896.21
234,90,138.06,231.07,175.5,2891.58
235,90,139.76,230.24,176.35,2889.31
236,90,142.42,228.72,176.14,2887.07
237,90,142.13,229.05,176.79,2887.13
238,90,141.92,229.45,176.99,2887.3
239,90,142.95,228.84,177.28,2886.28
240,90,143.24,229.2,177.23,2886.32
241,90,142.96,229.22,177.0,2887.29
242,90,143.04,227.75,177.26,2884.73
243,90,143.51,228.13,177.1,2883.48
244,90,142.88,227.23,176.77,2886.1
245,90,143.51,228.65,176.96,2885.27
246,90,143.12,227.86,177.7,2886.19
247,90,143.02,228.45,177.31,2883.26
248,90,143.01,228.09,176.95,2885.02
249,90,144.03,228.75,177.08,2885.87
250,100,145.33,228.15,177.87,2882.41
251,100,145.87,227.44,178.48,2882.35
252,100,146.58,226.7,178.82,2881.11
253,100,147.42,226.46,179.07,2880.62
254,100,146.25,226.47,178.53,2880.56
255,100,146.95,226.37,178.67,2882.1
256,100,147.63,226.84,178.72,2879.98
257,100,147.11,226.09,178.64,2878.13
258,100,147.03,226.91,178.59,2881.33
259,100,146.23,225.85,178.8,2880.78
260,100,147.69,226.34,179.06,2879.68
261,100,146.77,227.01,178.94,2878.14
262,100,147.6,227.26,178.56,2880.1
263,100,147.11,226.7,178.58,2879.03
264,100,146.85,227.15,178.91,2879.33
265,100,147.25,225.14,179.09,2877.96
266,100,146.68,226.01,178.36,2880.86
267,100,146.63,226.74,178.73,2880.18
268,100,146.9,225.93,179.05,2879.21
269,100,146.09,226.35,179.2,2880.55
